text,label
fantastic,1
super helpful!,1
love it very,1
one star very,0
super helpful super,1
fast delivery...,1
highly recommend really,1
excellent quality...,1
won't buy again very,0
poor quality very,0
won't buy again!,0
well built!,1
rude staff,0
one star...,0
excellent quality very,1
late delivery,0
excellent quality,1
fast delivery!,1
excellent quality really,1
fantastic,1
one star!,0
won't buy again very,0
fast delivery really,1
fast delivery very,1
great service very,1
super helpful!,1
disappointed.,0
tasty!,1
excellent quality very,1
five stars!,1
great service.,1
poor quality!,0
one star super,0
waste of money really,0
excellent quality super,1
bad fit,0
not worth it...,0
well built!,1
five stars...,1
rude staff super,0
tasty...,1
five stars super,1
super helpful,1
excellent quality,1
five stars.,1
fantastic really,1
waste of money.,0
won't buy again!,0
disappointed really,0
well built!,1
disappointed really,0
fast delivery,1
love it very,1
fantastic.,1
one star very,0
great service!,1
fast delivery very,1
poor quality very,0
tasty super,1
waste of money super,0
late delivery very,0
terrible,0
highly recommend...,1
fantastic really,1
won't buy again very,0
rude staff really,0
terrible...,0
won't buy again!,0
rude staff...,0
disappointed very,0
great service super,1
rude staff really,0
late delivery.,0
well built very,1
late delivery!,0
excellent quality super,1
well built...,1
fantastic,1
well built,1
late delivery really,0
fast delivery very,1
late delivery very,0
terrible...,0
excellent quality very,1
super helpful,1
super helpful really,1
late delivery.,0
won't buy again!,0
not worth it very,0
rude staff.,0
poor quality...,0
terrible...,0
great service...,1
terrible,0
five stars super,1
highly recommend!,1
love it...,1
excellent quality.,1
not worth it super,0
love it...,1
well built.,1
highly recommend super,1
terrible,0
great service super,1
excellent quality very,1
tasty.,1
fantastic.,1
tasty.,1
love it very,1
not worth it...,0
bad fit!,0
one star very,0
well built,1
won't buy again super,0
disappointed really,0
won't buy again...,0
excellent quality really,1
not worth it very,0
well built...,1
tasty super,1
excellent quality super,1
waste of money...,0
rude staff!,0
fast delivery...,1
great service...,1
rude staff,0
excellent quality...,1
tasty...,1
rude staff really,0
rude staff,0
disappointed very,0
well built,1
five stars...,1
great service very,1
not worth it.,0
tasty!,1
rude staff...,0
love it very,1
super helpful,1
won't buy again very,0
highly recommend super,1
poor quality.,0
five stars,1
well built...,1
won't buy again really,0
tasty very,1
highly recommend!,1
well built.,1
highly recommend.,1
poor quality!,0
rude staff super,0
late delivery...,0
super helpful,1
fantastic,1
well built,1
waste of money very,0
one star,0
fast delivery super,1
tasty really,1
not worth it!,0
excellent quality very,1
not worth it very,0
one star,0
tasty,1
well built very,1
rude staff super,0
one star,0
fantastic really,1
fantastic...,1
not worth it!,0
great service really,1
fast delivery...,1
bad fit very,0
five stars...,1
won't buy again really,0
rude staff very,0
super helpful very,1
highly recommend...,1
fast delivery,1
bad fit...,0
tasty...,1
one star,0
not worth it.,0
late delivery very,0
terrible,0
well built very,1
highly recommend very,1
bad fit very,0
five stars very,1
waste of money very,0
fantastic...,1
excellent quality super,1
rude staff really,0
excellent quality really,1
poor quality super,0
late delivery.,0
five stars very,1
excellent quality very,1
tasty...,1
well built,1
highly recommend,1
love it,1
waste of money super,0
well built.,1
disappointed...,0
well built super,1
terrible,0
love it.,1
waste of money really,0
super helpful very,1
great service really,1
five stars super,1
late delivery very,0
tasty super,1
won't buy again very,0
rude staff...,0
well built very,1
great service.,1
one star very,0
fast delivery...,1
terrible super,0
excellent quality very,1
well built really,1
fantastic...,1
five stars very,1
five stars super,1
well built very,1
disappointed!,0
excellent quality!,1
love it very,1
highly recommend very,1
love it really,1
great service super,1
five stars...,1
super helpful very,1
bad fit very,0
poor quality really,0
late delivery,0
late delivery...,0
fantastic,1
one star very,0
super helpful.,1
fast delivery...,1
great service.,1
super helpful...,1
highly recommend,1
excellent quality...,1
late delivery super,0
fast delivery super,1
great service...,1
well built super,1
excellent quality very,1
poor quality,0
excellent quality very,1
great service,1
late delivery,0
tasty.,1
one star,0
tasty super,1
great service.,1
won't buy again...,0
super helpful very,1
highly recommend!,1
love it...,1
bad fit!,0
highly recommend super,1
super helpful.,1
great service super,1
one star,0
fantastic!,1
terrible.,0
well built really,1
super helpful!,1
great service super,1
fast delivery...,1
disappointed very,0
won't buy again.,0
tasty.,1
well built super,1
waste of money very,0
terrible...,0
won't buy again really,0
highly recommend...,1
five stars really,1
well built really,1
tasty...,1
well built...,1
rude staff super,0
excellent quality super,1
fantastic really,1
rude staff super,0
one star!,0
tasty...,1
great service!,1
five stars,1
poor quality really,0
love it.,1
five stars very,1
rude staff super,0
five stars really,1
fantastic...,1
fast delivery!,1
five stars...,1
one star very,0
won't buy again very,0
five stars really,1
super helpful,1
one star,0
excellent quality,1
well built...,1
bad fit very,0
disappointed,0
super helpful really,1
well built.,1
not worth it,0
highly recommend super,1
rude staff super,0
won't buy again very,0
great service super,1
one star...,0
not worth it.,0
excellent quality super,1
five stars...,1
waste of money...,0
waste of money very,0
waste of money...,0
poor quality.,0
waste of money,0
fast delivery,1
highly recommend.,1
one star really,0
disappointed...,0
highly recommend...,1
love it.,1
well built.,1
well built...,1
love it really,1
won't buy again...,0
not worth it really,0
five stars,1
terrible super,0
excellent quality really,1
fantastic really,1
not worth it!,0
poor quality,0
super helpful very,1
not worth it...,0
five stars very,1
late delivery.,0
excellent quality very,1
five stars.,1
well built!,1
five stars.,1
love it really,1
fantastic...,1
won't buy again really,0
tasty!,1
rude staff super,0
super helpful,1
fantastic,1
rude staff really,0
waste of money!,0
poor quality...,0
poor quality,0
fantastic...,1
late delivery super,0
disappointed...,0
love it very,1
super helpful.,1
highly recommend!,1
not worth it very,0
waste of money...,0
highly recommend really,1
fast delivery really,1
fantastic really,1
tasty really,1
fantastic!,1
five stars really,1
excellent quality really,1
fast delivery.,1
terrible!,0
great service,1
love it very,1
fast delivery!,1
well built super,1
late delivery really,0
great service!,1
well built very,1
won't buy again very,0
five stars really,1
bad fit,0
bad fit.,0
terrible,0
love it really,1
one star.,0
rude staff really,0
poor quality very,0
late delivery very,0
not worth it super,0
fast delivery really,1
tasty!,1
won't buy again very,0
tasty!,1
fast delivery.,1
excellent quality very,1
great service!,1
bad fit.,0
super helpful...,1
not worth it!,0
love it very,1
waste of money super,0
love it super,1
rude staff.,0
fast delivery very,1
poor quality.,0
fast delivery really,1
excellent quality,1
not worth it...,0
bad fit!,0
well built,1
excellent quality super,1
five stars!,1
highly recommend very,1
fantastic.,1
terrible very,0
love it really,1
well built very,1
great service super,1
highly recommend!,1
late delivery,0
excellent quality...,1
one star,0
great service!,1
five stars...,1
highly recommend...,1
five stars super,1
fantastic very,1
won't buy again,0
terrible,0
highly recommend very,1
won't buy again.,0
disappointed,0
terrible!,0
not worth it.,0
five stars super,1
five stars.,1
love it.,1
highly recommend.,1
fast delivery.,1
super helpful,1
five stars...,1
excellent quality,1
five stars,1
bad fit really,0
great service super,1
well built really,1
rude staff very,0
fast delivery super,1
terrible!,0
waste of money!,0
love it,1
one star!,0
terrible!,0
disappointed,0
won't buy again very,0
late delivery very,0
won't buy again!,0
rude staff very,0
fantastic,1
fast delivery really,1
super helpful,1
super helpful,1
well built super,1
excellent quality.,1
late delivery,0
well built very,1
highly recommend,1
poor quality,0
tasty,1
fantastic really,1
love it!,1
not worth it.,0
late delivery super,0
fast delivery...,1
not worth it.,0
highly recommend...,1
great service!,1
great service super,1
well built.,1
bad fit.,0
excellent quality super,1
excellent quality really,1
bad fit very,0
terrible,0
super helpful really,1
tasty.,1
one star super,0
won't buy again,0
excellent quality!,1
tasty really,1
excellent quality.,1
waste of money,0
super helpful very,1
fast delivery.,1
highly recommend!,1
bad fit,0
super helpful super,1
fantastic!,1
well built really,1
one star!,0
well built.,1
love it really,1
fast delivery very,1
not worth it really,0
great service super,1
five stars really,1
highly recommend!,1
well built!,1
super helpful very,1
late delivery,0
fast delivery!,1
five stars!,1
highly recommend.,1
poor quality very,0
love it really,1
bad fit.,0
won't buy again really,0
super helpful very,1
poor quality.,0
highly recommend,1
bad fit,0
waste of money!,0
highly recommend.,1
great service super,1
five stars!,1
well built very,1
five stars...,1
fast delivery...,1
super helpful...,1
not worth it.,0
five stars,1
great service!,1
tasty!,1
super helpful!,1
tasty super,1
terrible.,0
one star,0
highly recommend.,1
super helpful very,1
highly recommend,1
super helpful super,1
excellent quality...,1
tasty super,1
bad fit super,0
five stars very,1
tasty,1
late delivery,0
not worth it very,0
love it...,1
rude staff super,0
rude staff...,0
highly recommend,1
rude staff very,0
great service super,1
five stars...,1
rude staff very,0
one star super,0
super helpful!,1
five stars very,1
super helpful!,1
well built really,1
disappointed.,0
great service!,1
waste of money super,0
fast delivery super,1
five stars super,1
poor quality.,0
one star super,0
tasty,1
super helpful super,1
not worth it!,0
love it.,1
rude staff very,0
excellent quality...,1
one star...,0
love it!,1
poor quality super,0
poor quality,0
highly recommend.,1
love it super,1
one star,0
fast delivery very,1
love it,1
poor quality very,0
fantastic.,1
fast delivery.,1
fantastic really,1
highly recommend.,1
well built...,1
bad fit really,0
fast delivery really,1
well built...,1
bad fit.,0
five stars,1
late delivery really,0
fast delivery.,1
won't buy again!,0
won't buy again!,0
highly recommend!,1
fast delivery...,1
highly recommend,1
poor quality,0
poor quality!,0
won't buy again!,0
one star...,0
waste of money very,0
not worth it.,0
poor quality.,0
late delivery!,0
disappointed really,0
not worth it.,0
love it super,1
super helpful very,1
terrible...,0
five stars!,1
love it super,1
great service,1
waste of money really,0
love it...,1
fantastic really,1
fast delivery.,1
rude staff very,0
poor quality super,0
fast delivery super,1
disappointed.,0
great service super,1
super helpful very,1
well built!,1
highly recommend,1
waste of money,0
bad fit very,0
fantastic...,1
excellent quality very,1
great service very,1
love it!,1
one star!,0
won't buy again...,0
bad fit very,0
love it,1
fantastic...,1
fantastic!,1
great service really,1
fantastic.,1
waste of money...,0
not worth it,0
terrible!,0
bad fit.,0
excellent quality super,1
fantastic super,1
tasty...,1
well built super,1
one star...,0
tasty really,1
highly recommend super,1
poor quality!,0
love it.,1
well built!,1
one star.,0
great service really,1
rude staff,0
highly recommend...,1
great service very,1
tasty very,1
great service super,1
won't buy again very,0
well built...,1
five stars...,1
waste of money.,0
great service very,1
super helpful really,1
disappointed very,0
love it...,1
bad fit.,0
super helpful.,1
fantastic,1
highly recommend!,1
poor quality.,0
super helpful super,1
love it very,1
super helpful really,1
highly recommend very,1
waste of money.,0
great service...,1
disappointed really,0
well built.,1
disappointed super,0
bad fit!,0
excellent quality very,1
tasty.,1
bad fit!,0
five stars very,1
bad fit super,0
five stars really,1
waste of money very,0
poor quality super,0
tasty...,1
waste of money really,0
super helpful...,1
excellent quality super,1
one star really,0
waste of money super,0
waste of money...,0
excellent quality,1
love it!,1
highly recommend very,1
bad fit,0
won't buy again really,0
super helpful,1
fantastic!,1
not worth it!,0
terrible...,0
love it...,1
disappointed!,0
fast delivery really,1
waste of money really,0
late delivery,0
poor quality,0
great service!,1
great service very,1
well built...,1
one star,0
not worth it.,0
great service super,1
five stars...,1
not worth it super,0
one star.,0
late delivery very,0
waste of money.,0
super helpful really,1
bad fit.,0
rude staff very,0
disappointed really,0
one star!,0
one star...,0
terrible,0
fast delivery really,1
not worth it,0
well built.,1
excellent quality very,1
won't buy again super,0
tasty.,1
highly recommend very,1
rude staff super,0
highly recommend...,1
tasty,1
love it!,1
bad fit super,0
great service.,1
excellent quality very,1
one star super,0
poor quality...,0
love it...,1
late delivery very,0
super helpful really,1
won't buy again super,0
excellent quality really,1
fantastic super,1
one star super,0
bad fit!,0
excellent quality,1
well built really,1
poor quality.,0
highly recommend!,1
not worth it.,0
fantastic...,1
great service.,1
excellent quality!,1
fast delivery...,1
well built...,1
disappointed very,0
highly recommend,1
five stars really,1
late delivery.,0
rude staff super,0
bad fit.,0
super helpful super,1
not worth it really,0
terrible...,0
highly recommend!,1
late delivery,0
great service super,1
super helpful!,1
highly recommend very,1
late delivery!,0
waste of money!,0
bad fit!,0
waste of money.,0
disappointed very,0
five stars really,1
disappointed very,0
one star,0
love it...,1
excellent quality.,1
love it!,1
fantastic,1
not worth it super,0
highly recommend super,1
terrible really,0
not worth it really,0
terrible.,0
fast delivery really,1
excellent quality,1
tasty,1
well built really,1
terrible super,0
love it really,1
super helpful really,1
great service really,1
poor quality...,0
great service super,1
one star really,0
highly recommend super,1
not worth it...,0
fast delivery...,1
disappointed very,0
excellent quality...,1
tasty,1
fantastic!,1
great service!,1
won't buy again super,0
five stars...,1
excellent quality super,1
rude staff!,0
well built...,1
late delivery!,0
fantastic!,1
super helpful very,1
fast delivery,1
tasty!,1
great service,1
waste of money,0
love it really,1
great service really,1
disappointed,0
terrible...,0
rude staff very,0
fantastic!,1
one star super,0
great service!,1
great service!,1
waste of money...,0
tasty...,1
tasty!,1
not worth it very,0
love it really,1
rude staff,0
five stars,1
terrible really,0
disappointed super,0
won't buy again,0
late delivery really,0
bad fit really,0
great service really,1
one star super,0
tasty really,1
rude staff!,0
one star very,0
one star!,0
five stars!,1
fantastic...,1
won't buy again super,0
love it super,1
great service really,1
highly recommend...,1
well built!,1
well built.,1
five stars very,1
fast delivery!,1
not worth it...,0
love it really,1
five stars,1
fantastic...,1
tasty.,1
bad fit.,0
waste of money really,0
highly recommend!,1
excellent quality.,1
one star very,0
poor quality...,0
highly recommend really,1
not worth it...,0
disappointed super,0
five stars really,1
five stars super,1
five stars very,1
five stars really,1
excellent quality really,1
super helpful really,1
late delivery very,0
disappointed super,0
not worth it super,0
super helpful super,1
love it,1
fast delivery very,1
not worth it super,0
great service super,1
highly recommend.,1
bad fit!,0
waste of money,0
tasty really,1
well built!,1
fast delivery super,1
bad fit really,0
five stars very,1
highly recommend...,1
five stars,1
excellent quality really,1
fast delivery.,1
fantastic really,1
one star!,0
late delivery very,0
fast delivery very,1
fantastic super,1
tasty super,1
terrible very,0
poor quality,0
terrible really,0
fast delivery.,1
excellent quality very,1
disappointed,0
super helpful really,1
won't buy again,0
highly recommend...,1
terrible...,0
five stars!,1
love it...,1
great service...,1
rude staff!,0
five stars really,1
terrible really,0
fast delivery really,1
poor quality.,0
won't buy again really,0
tasty really,1
fantastic!,1
rude staff...,0
poor quality really,0
terrible very,0
waste of money super,0
five stars.,1
great service really,1
poor quality really,0
excellent quality...,1
terrible.,0
waste of money really,0
poor quality.,0
bad fit...,0
bad fit.,0
tasty super,1
late delivery.,0
excellent quality...,1
great service...,1
excellent quality really,1
super helpful super,1
not worth it super,0
excellent quality very,1
disappointed!,0
love it.,1
well built super,1
love it super,1
waste of money.,0
terrible super,0
well built,1
tasty very,1
well built very,1
tasty,1
highly recommend...,1
excellent quality super,1
super helpful very,1
excellent quality very,1
poor quality!,0
tasty...,1
bad fit really,0
excellent quality!,1
tasty really,1
five stars really,1
terrible!,0
great service super,1
fantastic!,1
love it!,1
rude staff!,0
great service super,1
love it.,1
not worth it!,0
super helpful.,1
highly recommend,1
fantastic...,1
five stars super,1
super helpful very,1
rude staff!,0
five stars!,1
five stars,1
fast delivery really,1
fantastic very,1
love it,1
disappointed really,0
not worth it super,0
won't buy again.,0
disappointed!,0
fast delivery,1
not worth it really,0
poor quality,0
poor quality!,0
disappointed!,0
waste of money!,0
waste of money really,0
not worth it super,0
bad fit super,0
love it,1
highly recommend very,1
fantastic,1
great service!,1
poor quality...,0
love it super,1
excellent quality,1
tasty very,1
well built really,1
well built really,1
tasty,1
well built really,1
well built very,1
waste of money.,0
bad fit.,0
love it,1
well built,1
five stars...,1
highly recommend really,1
great service super,1
bad fit,0
rude staff!,0
rude staff,0
love it...,1
late delivery!,0
disappointed.,0
excellent quality,1
won't buy again,0
fast delivery really,1
super helpful!,1
rude staff,0
rude staff super,0
love it super,1
well built!,1
rude staff really,0
well built...,1
one star really,0
bad fit,0
tasty very,1
highly recommend!,1
disappointed very,0
late delivery.,0
highly recommend...,1
fantastic,1
poor quality,0
one star super,0
excellent quality,1
great service,1
five stars very,1
terrible!,0
love it,1
great service.,1
fantastic very,1
love it!,1
super helpful,1
won't buy again super,0
disappointed,0
great service...,1
late delivery...,0
highly recommend super,1
highly recommend,1
terrible...,0
five stars.,1
love it...,1
disappointed really,0
great service.,1
one star...,0
super helpful very,1
super helpful super,1
fast delivery,1
disappointed!,0
five stars!,1
waste of money really,0
bad fit very,0
rude staff really,0
fantastic,1
love it.,1
not worth it!,0
fantastic.,1
fast delivery really,1
love it super,1
rude staff really,0
super helpful,1
tasty.,1
excellent quality very,1
excellent quality very,1
great service,1
waste of money,0
excellent quality really,1
won't buy again really,0
tasty super,1
one star,0
great service!,1
super helpful really,1
fast delivery.,1
not worth it...,0
fantastic super,1
late delivery,0
well built!,1
fast delivery very,1
fantastic!,1
tasty...,1
late delivery!,0
highly recommend really,1
tasty.,1
love it very,1
well built super,1
highly recommend really,1
well built,1
five stars really,1
love it.,1
bad fit super,0
five stars very,1
rude staff really,0
super helpful really,1
tasty,1
tasty!,1
super helpful.,1
great service super,1
love it super,1
love it very,1
highly recommend really,1
highly recommend really,1
one star,0
fast delivery!,1
fantastic super,1
poor quality...,0
tasty super,1
love it!,1
excellent quality!,1
tasty very,1
not worth it very,0
excellent quality really,1
tasty super,1
super helpful,1
one star really,0
love it...,1
not worth it...,0
highly recommend.,1
excellent quality really,1
well built!,1
one star,0
excellent quality,1
fast delivery super,1
well built very,1
terrible super,0
excellent quality super,1
five stars really,1
five stars,1
waste of money super,0
five stars super,1
fast delivery super,1
five stars.,1
bad fit.,0
love it.,1
late delivery,0
rude staff,0
great service,1
highly recommend very,1
well built really,1
bad fit!,0
won't buy again.,0
late delivery!,0
bad fit,0
one star really,0
rude staff super,0
waste of money!,0
excellent quality super,1
fast delivery...,1
well built,1
bad fit really,0
won't buy again,0
well built really,1
super helpful.,1
waste of money!,0
not worth it really,0
one star...,0
well built...,1
terrible super,0
highly recommend very,1
great service...,1
excellent quality super,1
